Relatív rang,Eredeti rang,Domain
1,4780,videa.hu
2,5209,24.hu
3,5258,jofogas.hu
4,5338,idokep.hu
5,5518,mandiner.hu
6,5570,portfolio.hu
7,5867,hvg.hu
8,5910,hasznaltauto.hu
9,6253,gyakorikerdesek.hu
10,6522,kiskegyed.hu
11,6536,telex.hu
12,6565,tippmix.hu
13,11330,nosalty.hu
14,11465,origo.hu
15,11839,atw.hu
16,12384,elte.hu
17,12423,arukereso.hu
18,12797,blikk.hu
19,12873,freemail.hu
20,12951,nemzetisport.hu
21,13229,444.hu
22,13615,startlap.hu
23,13876,mindmegette.hu
24,13880,index.hu
25,13955,penzcentrum.hu
26,14075,port.hu
27,14476,promotions.hu
28,14563,szamlazz.hu
29,14721,tippmixpro.hu
30,14805,hardverapro.hu
31,15452,nlc.hu
32,15526,goldengate.hu
33,15618,femina.hu
34,16336,bme.hu
35,18836,u-szeged.hu
36,21897,starity.hu
37,24102,sxc.hu
38,25011,mplayerhq.hu
39,25279,vatera.hu
40,25729,profession.hu
41,26017,magyarhirlap.hu
42,26453,magyarnemzet.hu
43,27782,metropol.hu
44,27818,kormany.hu
45,27983,menetrendek.hu
46,30892,hirado.hu
47,31826,mediaklikk.hu
48,32406,indavideo.hu
49,35655,oszk.hu
50,35921,nepszava.hu
51,36183,jegy.hu
52,36220,wga.hu
53,36817,borsonline.hu
54,37443,magyarorszag.hu
55,38891,hirstart.hu
56,39754,m4sport.hu
57,39810,libri.hu
58,39896,e-kreta.hu
59,40144,felvi.hu
60,41154,totalcar.hu
61,41515,pte.hu
62,41927,sagikazarmark.hu
63,42356,economx.hu
64,42614,divany.hu
65,42628,otpbank.hu
66,42864,unideb.hu
67,43228,moly.hu
68,43999,hirtv.hu
69,44195,lira.hu
70,44315,szallas.hu
71,44336,ripost.hu
72,44726,delmagyar.hu
73,44849,mafab.hu
74,45110,infostart.hu
75,45276,jogtar.hu
76,45483,oktatas.hu
77,46091,szeretlekmagyarorszag.hu
78,46209,kisalfold.hu
79,46484,agroinform.hu
80,46723,agrarszektor.hu
81,47038,myonlineradio.hu
82,47334,boon.hu
83,47477,hirkereso.hu
84,47524,haon.hu
85,47718,prohardver.hu
86,48038,vezess.hu
87,48104,webbeteg.hu
88,48309,mfor.hu
89,48701,szon.hu
90,48935,nyugat.hu
91,49652,meska.hu
92,49820,privatbankar.hu
93,49828,indapass.hu
94,49897,vaol.hu
95,50179,hang.hu
96,50320,szoljon.hu
97,50554,femcafe.hu
98,50937,heol.hu
99,51142,pestisracok.hu
100,52296,streetkitchen.hu
101,52883,ipon.hu
102,52966,kapu.hu
103,53284,tv2play.hu
104,53443,bien.hu
105,53638,noklapja.hu
106,54877,galeriasavaria.hu
107,54887,vadhajtasok.hu
108,54893,csakfoci.hu
109,55179,sobors.hu
110,55285,mobilarena.hu
111,55532,alon.hu
112,55740,pornox.hu
113,56719,bardiauto.hu
114,56803,astronet.hu
115,56853,randivonal.hu
116,57104,animedrive.hu
117,57109,anotalk.hu
118,57648,moviedrive.hu
119,57900,startapro.hu
120,57993,vagyaid.hu
121,58152,hungarytoday.hu
122,58627,szexrandi.hu
123,58753,naphire.hu
124,59435,sztaki.hu
125,59771,semmelweis.hu
126,59802,ujsagomat.hu
127,60087,csakporno.hu
128,60095,erotikaweb.hu
129,60097,etitan.hu
130,60109,hoxa.hu
131,60146,trixxx.hu
132,60231,akcios-ujsag.hu
133,60278,beol.hu
134,60544,topszotar.hu
135,60942,napiszar.hu
136,61201,racingbazar.hu
137,61308,bontoplaza.hu
138,61663,hotbull.hu
139,61717,zsozirisz.hu
140,61858,hitelforum.hu
141,61926,meglepetes.hu
142,62234,netmafia.hu
143,62329,kepesmotor.hu
144,62465,filmi.hu
145,62566,brendon.hu
146,62687,joy.hu
147,62737,csucsvideok.hu
148,62774,kirsche.hu
149,63051,mosthir.hu
150,63748,erdekesmagazin.hu
151,63865,hadawebshop.hu
152,64004,keresztlabda.hu
153,64005,kertesrecept.hu
154,64047,kvizguru.hu
155,64069,lender.hu
156,64071,life.hu
157,64331,player.hu
158,64521,spar.hu
159,64525,sport365.hu
160,64671,vegas.hu
161,64680,vince.hu
162,66862,gsplus.hu
163,67470,teol.hu
164,69321,bookline.hu
165,69389,megyeriszabolcskerteszete.hu
166,69893,sportfactory.hu
167,70273,kfki.hu
168,70487,naih.hu
169,70578,mediacenter.hu
170,70990,shoprenter.hu
171,71202,holdpont.hu
172,71557,sussfelnap.hu
173,72456,instylemen.hu
174,73933,ugyfeleim.hu
175,73954,epenztargep.hu
176,73962,ugyfelezz.hu
177,74029,autocassa.hu
178,74651,ksh.hu
179,75184,mavcsoport.hu
180,78395,freeweb.hu
181,81475,mnb.hu
182,83837,volanbusz.hu
183,85664,indexvas.hu
184,85864,p24.hu
185,86212,antikvarium.hu
186,86713,mav.hu
187,86876,piacesprofit.hu
188,87187,related.hu
189,87738,sulinet.hu
190,88598,reblog.hu
191,89073,hrportal.hu
192,89596,uni-corvinus.hu
193,89747,profitline.hu
194,90297,gportal.hu
195,90332,mbhbank.hu
196,90842,kemma.hu
197,91929,bkk.hu
198,92288,uni-miskolc.hu
199,93878,hupont.hu
200,94157,mtak.hu
201,96273,regiojatek.hu
202,96537,mvmnext.hu
203,97381,pepita.hu
204,98909,sielok.hu
205,99050,cegezz.hu
206,99358,veol.hu
207,100052,klubradio.hu
208,101087,digikabel.hu
209,101139,elmu.hu
210,102788,fradi.hu
211,103487,velvet.hu
212,103644,nyugatifeny.hu
213,104069,esport1.hu
214,104241,mme.hu
215,104262,kocsi.hu
216,104975,dijnet.hu
217,105234,eduline.hu
218,105835,ecipo.hu
219,106116,m4sportelo.hu
220,106183,yettel.hu
221,106511,magyarnarancs.hu
222,106772,baon.hu
223,106851,feol.hu
224,107076,programturizmus.hu
225,107349,pcx.hu
226,107479,ulloi129.hu
227,107598,opten.hu
228,108079,tenyek.hu
229,108370,hovege.hu
230,109313,twn.hu
231,109445,ceginformacio.hu
232,109733,bitepito.hu
233,109952,argep.hu
234,110255,bikuci.hu
235,110833,unixauto.hu
236,110849,ingyenpenztargep.hu
237,113053,szabadeuropa.hu
238,113245,hunguesthotels.hu
239,113489,fw.hu
240,114181,dex.hu
241,114500,foxpost.hu
242,114713,egeszsegkalauz.hu
243,114858,kremmania.hu
244,114901,magyarkurir.hu
245,115736,police.hu
246,116298,sonline.hu
247,116460,kormanyhivatalok.hu
248,116652,demokrata.hu
249,116905,c3.hu
250,117335,njt.hu
251,117522,terebess.hu
252,118253,lovasok.hu
253,118749,citatum.hu
254,119037,maiutazas.hu
255,119130,ingatlanbazar.hu
256,119235,nool.hu
257,120112,bbj.hu
258,120187,liner.hu
259,120408,lap.hu
260,121723,netrisk.hu
261,122392,ektf.hu
262,122736,expressone.hu
263,122813,gyerekszoba.hu
264,123309,jateknet.hu
265,123498,foldhivatal.hu
266,123787,hu-go.hu
267,123918,otpbankdirekt.hu
268,124051,eoldal.hu
269,124650,nemzeticegtar.hu
270,124904,birosag.hu
271,125084,reformatus.hu
272,125173,meta-inf.hu
273,125185,koponyeg.hu
274,126847,parom.hu
275,126944,rtlplusz.hu
276,128445,nb1.hu
277,128512,playersroom.hu
278,128572,propeller.hu
279,128987,pelenka.hu
280,129016,koltozzbe.hu
281,129088,filmkatalogus.hu
282,129485,dorko.hu
283,129496,teletal.hu
284,129730,crystalnails.hu
285,129740,homelux.hu
286,130013,pingvinpatika.hu
287,130123,autonavigator.hu
288,130467,sze.hu
289,130942,uni-obuda.hu
290,131396,atlatszo.hu
291,131429,niif.hu
292,131992,heavytools.hu
293,132366,rendeljkinait.hu
294,132378,diego.hu
295,132386,nyitva.hu
296,132501,monobrand.hu
297,133278,szavazo.hu
298,133481,zakanyszerszamhaz.hu
299,133531,jatekokxl.hu
300,134066,termalonline.hu
301,134986,oroszhirek.hu
302,135026,vizmuvek.hu
303,136339,valodihirek.hu
304,136504,pornoweb.hu
305,136529,viszony.hu
306,136847,lumenet.hu
307,137277,repjegy.hu
308,137523,eropolis.hu
309,138597,budapestinfo.hu
310,139163,angol-magyar-szotar.hu
311,139371,raketa.hu
312,140508,ardoboz.hu
313,140917,bud.hu
314,141021,nepitelet.hu
315,141029,pharmindex-online.hu
316,141042,tesztarena.hu
317,141050,anrodiszlec.hu
318,141803,nemet-magyar-szotar.hu
319,141894,vagyaim.hu
320,141927,erodium.hu
321,142029,tka.hu
322,142616,avxforum.hu
323,142700,tozsdeforum.hu
324,142766,gyertyalang.hu
325,143157,mkosz.hu
326,143220,tipplap.hu
327,143296,elektrikstore.hu
328,143574,nkp.hu
329,143575,elsotalalkozas.hu
330,144167,animek.hu
331,144608,ctk.hu
332,144670,dh.hu
333,144789,egy.hu
334,144894,fekmester.hu
335,145415,kihivott.hu
336,145730,mostszamlazz.hu
337,145940,paratlan.hu
338,145990,pina.hu
339,146025,poet.hu
340,146036,porno1.hu
341,146532,synlab.hu
342,146534,szextortenetek.hu
343,146537,tacklebait.hu
344,146741,vasarlocsapat.hu
345,150138,nhely.hu
346,150634,mersz.hu
347,151213,wellis.hu
348,151457,mlsz.hu
349,151601,nol.hu
350,152034,hirklikk.hu
351,152627,e-szigno.hu
352,154719,tarki.hu
353,155838,mno.hu
354,156422,kib.hu
355,157732,broadband.hu
356,157760,abouthungary.hu
357,158929,winwithhell.hu
358,159137,formula.hu
359,159468,p3g.hu
360,159854,indaplay.hu
361,160010,budapest.hu
362,160033,hungaricana.hu
363,160397,valasztas.hu
364,160782,termalfurdo.hu
365,162303,magyarkozlony.hu
366,162311,mti.hu
367,162502,szie.hu
368,162920,ininet.hu
369,164376,haldorado.hu
370,164889,bankmonitor.hu
371,165144,szepmuveszeti.hu
372,165712,mediaworks.hu
373,165956,katasztrofavedelem.hu
374,166924,connectmedia.hu
375,167217,bkv.hu
376,168243,freeblog.hu
377,170982,mai-nevnap.hu
378,171324,sokakcio.hu
379,171360,szex24.hu
380,172042,sugarshop.hu
381,172437,stipendiumhungaricum.hu
382,173267,jegymester.hu
383,174252,napi.hu
384,174580,ppke.hu
385,174766,csaladinet.hu
386,175941,atmedia.hu
387,176151,nmhh.hu
388,177352,mimi.hu
389,178015,zt.hu
390,178140,minicrm.hu
391,178453,hwsw.hu
392,178539,bazilikabudapest.hu
393,179841,aqua.hu
394,179863,kutyubazar.hu
395,181087,utcakereso.hu
396,181521,news7.hu
397,182646,fotav.hu
398,183370,bhc.hu
399,185130,nethely.hu
400,186584,rackhost.hu
401,187821,inda.hu
402,188088,invitel.hu
403,188407,szerencsejatek.hu
404,189446,kh.hu
405,189799,rosszlanyok.hu
406,190587,hun-ren.hu
407,190727,legjobbkaszino.hu
408,194299,dmkert.hu
409,196216,audischule.hu
410,196278,bebusch.hu
411,196526,chemark.hu
412,196873,egis.hu
413,197732,lebelier.hu
414,199267,tstech.hu
415,200119,cafeblog.hu
416,201214,wawona.hu
417,201388,nemzetiutdij.hu
418,201641,tordasielmenyfalu.hu
419,202108,lezermindenkinek.hu
420,202804,24xtra.hu
421,203367,kifli.hu
422,203994,gruppi.hu
423,204044,lapunk.hu
424,204091,biotechusa.hu
425,204156,uni-pannon.hu
426,204432,meduzaingatlan.hu
427,204921,honvedelem.hu
428,205063,unas.hu
429,205193,uni-nke.hu
430,205359,merce.hu
431,206324,duol.hu
432,207349,historia-bfured.hu
433,207851,netlock.hu
434,208547,sziget.hu
435,208676,miniszterelnok.hu
436,209066,kre.hu
437,209392,epiteszforum.hu
438,209562,bonuszbrigad.hu
439,210665,olcsobbat.hu
440,210718,hifitness.hu
441,211510,mng.hu
442,211718,qubit.hu
443,212158,szechenyibath.hu
444,213245,katolikus.hu
445,213323,kulcs-soft.hu
446,213890,dehir.hu
447,213897,koncert.hu
448,214946,egyszervolt.hu
449,215340,kcss.hu
450,217004,egeszsegugyitudakozo.hu
451,217133,23net.hu
452,217508,rsoe.hu
453,217708,mtva.hu
454,218813,steampeek.hu
455,218888,mellrakforum.hu
456,218940,tarr.hu
457,219410,handballveszprem.hu
458,222180,uni-eszterhazy.hu
459,222444,univet.hu
460,222825,munka.hu
461,224511,utinform.hu
462,225165,villanyautosok.hu
463,225172,mav-start.hu
464,225238,budapesttimes.hu
465,225688,pataibicaj.hu
466,225737,e-cegjegyzek.hu
467,226272,szikla.hu
468,228079,clflora.hu
469,228380,valaszonline.hu
470,228675,evamagazin.hu
471,228904,bgazrt.hu
472,229537,mkik.hu
473,229842,adozona.hu
474,230033,buzascsaba.hu
475,230452,bpbutor.hu
476,231259,met.hu
477,231938,receptneked.hu
478,232342,simplepay.hu
479,232488,szallashelytudakozo.hu
480,232652,hup.hu
481,233129,mome.hu
482,233749,quantum-mirror.hu
483,234994,media1.hu
484,236078,tixa.hu
485,237205,network.hu
486,237415,bitcoinbazis.hu
487,237901,drdiag.hu
488,238288,mult-kor.hu
489,238342,onlinepenztarca.hu
490,239198,konzolvilag.hu
491,239266,prtelecom.hu
492,240354,bank360.hu
493,240726,direkt36.hu
494,241281,szekesfehervar.hu
495,241388,komplettbor.hu
496,241583,szolnokepul.hu
497,241794,budaikepkeret.hu
498,242026,mupa.hu
499,243187,kormanyhivatal.hu
500,243579,nava.hu
501,243850,nlcafe.hu
502,243867,handbook.hu
503,244194,tucsokszekszard.hu
504,244204,pcguru.hu
505,244995,mindenkilapja.hu
506,245309,fehervarfc.hu
507,245648,haszon.hu
508,246380,daltan.hu
509,246456,fszek.hu
510,246811,solartgaleria.hu
511,246835,mnm.hu
512,247143,aranykoronakft.hu
513,249066,travelo.hu
514,249375,maltai.hu
515,250208,epitoipartudakozo.hu
516,251285,pcwplus.hu
517,251491,619.hu
518,252700,p3k.hu
519,253132,oktatastudakozo.hu
520,253274,nyilvantarto.hu
521,253279,listamester.hu
522,253311,egyediajandekotletek.hu
523,254297,uniquetalent.hu
524,254922,erstebank.hu
525,255382,adaptivemedia.hu
526,255656,fidelio.hu
527,255730,jobline.hu
528,256153,szegedma.hu
529,257335,szeged.hu
530,257651,cedima.hu
531,258605,gyor.hu
532,258737,innospectrum.hu
533,259786,budapestpark.hu
534,260516,antsz.hu
535,261569,magyarepitok.hu
536,262334,pagony.hu
537,263193,bestbyte.hu
538,264015,citromail.hu
539,264273,debrecen.hu
540,264529,linky.hu
541,265814,itcafe.hu
542,265916,kivaloarany.hu
543,265951,vidi.hu
544,266922,valtanek.hu
545,267182,tudositok.hu
546,267407,ezermester.hu
547,267517,bkik.hu
548,268019,terrorhaza.hu
549,268165,butor1.hu
550,268190,lutheran.hu
551,268223,fidesz.hu
552,269164,eblog.hu
553,269202,jatekneked.hu
554,269507,funzine.hu
555,269900,truetosole.hu
556,272250,fortepan.hu
557,273280,tamker.hu
558,273809,ahrt.hu
559,274690,billingo.hu
560,275243,regikonyvek.hu
561,275924,axelero.hu
562,276029,mindentudor.hu
563,276134,akvaguru.hu
564,276583,legzocasino.hu
565,278073,techworld.hu
566,278366,novekedes.hu
567,279420,vasarnap.hu
568,280230,kultura.hu
569,283304,obuda.hu
570,283771,granitbank.hu
571,283883,minap.hu
572,284654,kriptoworld.hu
573,285054,bestmarkt.hu
574,285084,kozterkep.hu
575,285204,a38.hu
576,286717,salonic.hu
577,286788,around.hu
578,287004,szte.hu
579,287168,5percangol.hu
580,287169,zaol.hu
581,287420,kecskemet.hu
582,287784,alfahir.hu
583,287853,hiros.hu
584,289696,turistamagazin.hu
585,289958,ludwigmuseum.hu
586,290778,doktori.hu
587,291178,e-epites.hu
588,291549,mindennapi.hu
589,292383,kepmas.hu
590,292550,fittbikese.hu
591,292677,nemzetiszinhaz.hu
592,293011,retroradio.hu
593,293045,paillasse.hu
594,293222,vargyasnekonyveles.hu
595,293797,laskod.hu
596,294134,nemzetiarchivum.hu
597,294326,pcforum.hu
598,294709,hasznaltgumifelni.hu
599,295643,combat-zone.hu
600,295712,sorozatjunkie.hu
601,296127,hungaroring.hu
602,296281,nhmus.hu
603,297054,kepfeltoltes.hu
604,297153,tudatosvasarlo.hu
605,297746,szechenyifurdo.hu
606,298039,vivatbacchus.hu
607,298155,hir24.hu
608,299273,magyarmezogazdasag.hu
609,299305,daniella.hu
610,300045,autoszektor.hu
611,300060,0v.hu
612,300468,dockyard.hu
613,300522,ellenszel.hu
614,300683,heliumking.hu
615,300948,mategye.hu
616,301067,nyugdijforum.hu
617,301097,ovip.hu
618,301253,roadster.hu
619,301414,szentgyorgyialbertorvosidij.hu
620,301851,legenybucsuparty.hu
621,302162,miskolciharsona.hu
622,302380,hobbielektronika.hu
623,303153,uni-mate.hu
624,303298,aeek.hu
625,303412,cezartravel.hu
626,304186,kodolanyi.hu
627,304785,gamekapocs.hu
628,305170,holtankoljak.hu
629,306091,ungarnheute.hu
630,306482,aranyoldalak.hu
631,307325,gpszone.hu
632,307814,laserberles.hu
633,307947,kaposvarmost.hu
634,308076,evangelikus.hu
635,308385,idrinks.hu
636,308819,richter.hu
637,309023,externet.hu
638,309652,vizugy.hu
639,310184,sote.hu
640,310384,nwmgroups.hu
641,310701,ekreta.hu
642,310824,plncse.hu
643,310833,maxer.hu
644,311270,szelidmotorosok.hu
645,311447,utazzitthon.hu
646,312259,109.hu
647,312384,eskuvoiiranytu.hu
648,312417,ecofamily.hu
649,312546,hungexpo.hu
650,312921,falatozz.hu
651,313267,foldrajzmodszertan.hu
652,313462,renyi.hu
653,313469,mdrs2.hu
654,314210,directone.hu
655,316835,cipomarket.hu
656,316849,clb.hu
657,318089,ingatlantajolo.hu
658,318579,magyartisza.hu
659,318613,markasbolt.hu
660,318645,matusz-vad.hu
661,319082,ofotert.hu
662,319237,petissimo.hu
663,319988,szallasguru.hu
664,320334,videkilany.hu
665,320642,nyme.hu
666,320654,lgov.hu
667,320799,magnetbank.hu
668,320919,zoldlepes.hu
669,321553,kreativ.hu
670,322236,termeszetjaro.hu
671,322561,magyaridok.hu
672,323895,csillagaszat.hu
673,323944,cooltix.hu
674,324779,totalbike.hu
675,324824,indafoto.hu
676,324918,siposferenc.hu
677,325357,akvariumklub.hu
678,325988,rallysimfans.hu
679,327035,presstone.hu
680,327644,airportal.hu
681,329044,fibernet.hu
682,329213,myshoprenter.hu
683,330083,qjob.hu
684,330305,ingatlannet.hu
685,330554,khertekpapir.hu
686,330776,greenaqua.hu
687,330811,urania-nf.hu
688,330853,neprajz.hu
689,332248,aquaworldresort.hu
690,333293,babasegely.hu
691,334044,joszaki.hu
692,334138,szerszamoutlet.hu
693,334245,feny24.hu
694,334997,szeged365.hu
695,336126,zerge.hu
696,336641,ahang.hu
697,336997,zenehaza.hu
698,337660,hetek.hu
699,337754,tarhelypark.hu
700,337812,tilos.hu
701,338543,barexkft.hu
702,339265,giganet.hu
703,339634,kiszamolo.hu
704,339859,magyarfutball.hu
705,340266,prevenciopatika.hu
706,340695,maesteszinhaz.hu
707,340740,videakid.hu
708,340773,colore.hu
709,342160,radio1.hu
710,342277,forraidesign.hu
711,342693,weborvos.hu
712,342725,logout.hu
713,343491,mfdesign.hu
714,343523,chip-chup.hu
715,343832,vigszinhaz.hu
716,343999,humorszerviz.hu
717,344939,etterem.hu
718,345380,studyinhungary.hu
719,345466,utazomajom.hu
720,346438,ibusz.hu
721,347088,akcioleso.hu
722,347294,kaloriabazis.hu
723,347839,fogyasztobarat.hu
724,348054,medicalonline.hu
725,348467,redfriday.hu
726,348807,mvkzrt.hu
727,349439,edwart.hu
728,349678,kanizsakran.hu
729,349694,deninet.hu
730,351023,dns24.hu
731,351953,kirandulastippek.hu
732,352620,szkt.hu
733,352811,noiportal.hu
734,355525,trendmaker.hu
735,355560,bfnp.hu
736,355795,szendreiadam.hu
737,356364,wikiszotar.hu
738,357108,metnet.hu
739,357568,tankonyvtar.hu
740,358572,olajwebshop.hu
741,362159,dima.hu
742,364967,kabelnet.hu
743,372870,klte.hu
744,373538,papageno.hu
745,373885,madachszinhaz.hu
746,374119,kieselbach.hu
747,374627,welovebalaton.hu
748,374744,rudasfurdo.hu
749,375532,autopalyamatrica.hu
750,375568,telekomveszprem.hu
751,375664,alkatreszek.hu
752,375995,edenkert.hu
753,376494,civishir.hu
754,376813,mentok.hu
755,377197,harkakotony.hu
756,377962,snitt.hu
757,378165,onlinemarkaboltok.hu
758,378189,rejoy.hu
759,378556,pim.hu
760,378952,lakaskultura.hu
761,378989,telefonguru.hu
762,380173,mokk.hu
763,380178,uleshuzatshop.hu
764,381448,kuplio.hu
765,382018,szerszamkell.hu
766,382201,moobius.hu
767,382701,azenkutyam.hu
768,382710,bergepkolcsonzo.hu
769,382905,hungarospa.hu
770,383191,conelser.hu
771,383222,kossuth.hu
772,383241,waterpolo.hu
773,383426,newyorkcafe.hu
774,383569,startutazas.hu
775,384396,nytud.hu
776,384867,szamlakozpont.hu
777,385025,fundamenta.hu
778,385650,hvgrt.hu
779,387523,behir.hu
780,387700,napidroid.hu
781,388008,levelcenter.hu
782,388055,novitax.hu
783,388501,akupunkturas-kezeles.hu
784,388520,komal.hu
785,388961,konyvmolykepzo.hu
786,389913,hdsnet.hu
787,389923,hidden.hu
788,390233,nelektro.hu
789,391262,hasznalati-utasitasok.hu
790,391432,matekmindenkinek.hu
791,391760,tasz.hu
792,392056,mohu.hu
793,392362,uni-bge.hu
794,392399,ittjartam.hu
795,392412,totszerdahelyikultura.hu
796,393071,trademagazin.hu
797,393732,foglaljorvost.hu
798,393884,smartdiszkont.hu
799,393994,hunbasket.hu
800,394977,szentiras.hu
801,395066,eumet.hu
802,395084,bline.hu
803,395180,vansshop.hu
804,396118,biztositas.hu
805,396136,djborze.hu
806,396333,bekeltetes.hu
807,396481,icdn.hu
808,396860,autoalkatresz.hu
809,396861,autoalkatreszonline24.hu
810,397230,joautok.hu
811,397566,sassy.hu
812,397786,keptelenseg.hu
813,398462,egriugyek.hu
814,398944,magro.hu
815,399047,bpiautosok.hu
816,399322,iszdb.hu
817,399395,feketemeheszet.hu
818,399623,agraroldal.hu
819,399660,lampak.hu
820,399715,budapestarena.hu
821,400215,terapia24.hu
822,400706,erstemarket.hu
823,401237,liked.hu
824,402043,hold.hu
825,402064,uzletem.hu
826,402449,simplepartner.hu
827,402568,neokohn.hu
828,402795,nive.hu
829,403051,cvonline.hu
830,403223,pecsma.hu
831,403321,harckocsik.hu
832,403607,penzvero.hu
833,403672,ittlakunk.hu
834,403911,jegkorongblog.hu
835,404160,sorozatwiki.hu
836,405315,batz.hu
837,405462,borsod24.hu
838,405770,csomagnet.hu
839,406134,f1vilag.hu
840,406216,fishingtime.hu
841,406265,fotoplus.hu
842,406345,gazdabolt.hu
843,406564,hirlista.hu
844,407132,maiige.hu
845,407208,megatherm.hu
846,407209,meglepkek.hu
847,407390,mutekifansub.hu
848,407451,napiarfolyam.hu
849,407480,netamin.hu
850,407775,pirateclub.hu
851,407782,pizzaforte.hu
852,407811,pom-pom.hu
853,407986,retikul.hu
854,408034,roviden.hu
855,408179,shopbuilder.hu
856,408512,tonerpartners.hu
857,408568,tudjukki.hu
858,408750,webdoki.hu
859,409678,csalad.hu
860,409817,harmonet.hu
861,411113,cafeteriatrend.hu
862,411373,operett.hu
863,411744,szekszardportal.hu
864,412247,keletunderground.hu
865,412482,szabadfold.hu
866,412612,uniduna.hu
867,412791,ugytudjuk.hu
868,412842,bortarsasag.hu
869,413123,szakiweb.hu
870,413213,biztosdontes.hu
871,413263,babaagynemubolt.hu
872,413281,rekafitness.hu
873,413301,szimpatika.hu
874,415107,mksz.hu
875,415316,autoalkatreszek24.hu
876,415386,hoc.hu
877,415663,iranymagyarorszag.hu
878,415856,jogiforum.hu
879,416250,jgypk.hu
880,416593,devergo.hu
881,416882,maxigumi.hu
882,416955,odbe.hu
883,417128,szexneked.hu
884,417169,torte-net.hu
885,417279,viszlaysport.hu
886,417347,rockbook.hu
887,417680,kektura.hu
888,417834,pados.hu
889,418382,palyazatmenedzser.hu
890,418439,reflexshop.hu
891,418910,agraragazat.hu
892,419013,peakshop.hu
893,419082,tudas.hu
894,419703,erdmost.hu
895,419816,gemklub.hu
896,419976,pestbuda.hu
897,420030,funcode.hu
898,420046,gyorgytea.hu
899,420146,aprohirdetesingyen.hu
900,420511,tutuora.hu
901,420711,168ora.hu
902,420865,oroscafe.hu
903,421247,e-nyelv.hu
904,421578,dumaszinhaz.hu
905,421682,szimpla.hu
906,422084,metapolar.hu
907,422216,okosdoboz.hu
908,423718,heviz.hu
909,423864,isystem.hu
910,425372,laptophardware.hu
911,425939,nka.hu
912,426290,testbike.hu
913,426537,mountex.hu
914,426547,fuvarmarket.hu
915,426739,sportmotor.hu
916,426964,csodasmagyarorszag.hu
917,428039,energofish.hu
918,428152,kockaaruhaz.hu
919,428196,megatool.hu
920,428207,mindenszo.hu
921,428232,netkazan.hu
922,429098,ekozmetikum.hu
923,429185,insura.hu
924,430848,centrumnet.hu
925,431500,elin.hu
926,433050,pecs.hu
927,433269,voroskereszt.hu
928,433296,tar.hu
929,433544,gyermekvasut.hu
930,433757,jatekbolt.hu
931,433876,startlapjatekok.hu
932,434756,mtmt.hu
933,436312,divatekszerbolt.hu
934,436654,ventil.hu
935,437285,tvmustra.hu
936,438478,agroforum.hu
937,438572,ceginfo.hu
938,439891,profibarkacs.hu
939,439997,demoscene.hu
940,440274,ize.hu
941,440334,atalon.hu
942,440480,west-side.hu
943,440602,jateksziget.hu
944,440606,officeshoes.hu
945,440791,rtlklub.hu
946,440816,sostozoo.hu
947,441013,kozbeszerzes.hu
948,442083,alternativenergia.hu
949,442105,futanet.hu
950,442575,vizslancs.hu
951,443370,confidenzacsapagy.hu
952,443815,alberlet.hu
953,444052,multi-vitamin.hu
954,444087,patika24.hu
955,444096,polomania.hu
956,444153,szerelvenybolt.hu
957,444192,whiskynet.hu
958,444331,diamondnails.hu
959,444385,hasznaltalma.hu
960,444402,jatekraj.hu
961,444419,konzolkiraly.hu
962,444429,lipotipekseg.hu
963,444986,netpanel.hu
964,445191,westend.hu
965,445644,g7.hu
966,445965,govt.hu
967,448701,puncs.hu
968,449000,shox.hu
969,450553,gvh.hu
970,450633,molfehervarfc.hu
971,450684,admax.hu
972,450722,pamutlabor.hu
973,450759,pecsaktual.hu
974,450982,kozlonyok.hu
975,451194,leier.hu
976,452753,bama.hu
977,453215,sybell.hu
978,453813,777blog.hu
979,454067,otpip.hu
980,454710,magyaritasok.hu
981,454715,marketworld.hu
982,454757,parizsiparfumok.hu
983,454809,sugarmozi.hu
984,454811,supershop.hu
985,455002,furbify.hu
986,456010,interfood.hu
987,456526,maxapro.hu
988,456753,szaktars.hu
989,457671,aldi-utazas.hu
990,458574,2energy.hu
991,459024,allatpatikapecs.hu
992,460929,netrejtveny.hu
993,461545,nyiregyhaza.hu
994,462280,lfze.hu
995,462322,patika-akcio.hu
996,462411,duen.hu
997,463155,kozelben.hu
998,463617,merengo.hu
999,464100,oem-parts.hu
1000,464337,enternet.hu
