Adószám,Alapítás éve,Létszám,Nettó árbevétel,Üzemi eredmény
24785725-2-44,,,,
25087910-2-41,,,,
32606753-2-41,,,,
14940961-2-13,,,,
32696242-2-43,,,,
12527052-2-41,,,,
10226353-2-41,,,,
14918618-2-41,,,,
14435986-2-13,,,,
10237580-2-43,,,,
32073380-2-41,,,,
10580204-2-44,,,,
13471868-2-41,,,,
15308744-2-41,,,,
24868291-2-42,,,,
32048467-2-51,,,,
24298083-2-42,,,,
12765335-2-41,,,,
27936748-2-41,,,,
23749122-2-15,,,,
13421739-2-41,,,,
12919709-2-41,,,,
23116474-2-17,,,,
19410768-4-43,,,,
19308650-2-06,,,,
23062595-2-18,,,,
32330681-2-41,,,,
25087879-2-44,,,,
13389909-2-42,,,,
10585560-2-44,,,,
14129887-2-42,,,,
10324224-4-41,,,,
15321226-2-42,,,,
32640234-2-43,,,,
10384709-2-41,,,,
23083185-2-44,,,,
10734977-2-42,,,,
22777375-2-43,,,,
15329729-2-41,,,,
12514988-2-41,,,,
19308681-4-02,,,,
55787833-1-33,,,,
11990259-2-41,,,,
10537914-4-44,,,,
19308667-4-09,,,,
22366157-2-13,,,,
12896055-2-42,,,,
10853665-2-42,,,,
32362903-2-05,,,,
32884915-2-41,,,,
12643228-2-43,,,,
23092822-2-43,,,,
26351409-2-42,,,,
26278823-2-41,,,,
11884958-2-13,,,,
23981306-2-09,,,,
12500442-2-41,,,,
18889332-2-18,,,,
14260960-2-13,,,,
12494086-2-41,,,,
14307544-2-41,,,,
32874978-2-43,,,,
23522154-2-41,,,,
29308651-2-43,,,,
13392327-2-42,,,,
25771859-2-44,,,,
24994356-2-13,,,,
22667544-2-42,,,,
66406156-1-38,,,,
12229132-2-44,,,,
24925543-2-41,,,,
27987342-2-09,,,,
23890819-2-02,,,,
18219612-1-41,,,,
27555826-2-42,,,,
19426244-2-43,,,,
19308674-4-44,,,,
14644335-2-43,,,,
24788261-2-43,,,,
12945771-2-09,,,,
24386759-2-06,,,,
14590195-2-41,,,,
76712713-1-42,,,,
60516697-1-32,,,,
23761342-2-18,,,,
10857690-2-41,,,,
10353835-2-41,,,,
11035996-2-03,,,,
32749711-2-13,,,,
13554585-2-15,,,,
48283289-1-23,,,,
27715518-2-43,,,,
10485824-2-07,,,,
26633040-2-41,,,,
25002889-4-44,,,,
12965669-2-41,,,,
27922965-2-42,,,,
12921360-2-42,,,,
22665810-2-42,,,,
10318102-2-44,,,,
10670484-2-43,,,,
15795771-1-41,,,,
13922546-2-03,,,,
23174108-2-09,,,,
12146116-2-13,,,,
15302724-2-41,,,,
13834492-2-44,,,,
23699261-2-06,,,,
12607862-2-41,,,,
25552937-2-42,,,,
13414166-2-41,,,,
19156972-2-44,,,,
23501540-1-13,,,,
23069901-2-13,,,,
10011922-4-44,,,,
23028966-4-44,,,,
19253055-2-05,,,,
29251133-2-13,,,,
10431674-2-44,,,,
26713111-2-44,,,,
27124253-2-04,,,,
22536927-2-42,,,,
13511335-2-42,,,,
19709893-2-43,,,,
25957428-2-41,,,,
19001243-2-43,,,,
25999495-2-41,,,,
14113765-2-43,,,,
11107792-2-44,,,,
11774756-2-42,,,,
13861616-2-19,,,,
23563539-2-41,,,,
12012187-2-41,,,,
26606455-2-41,,,,
10347036-2-43,,,,
59786188-1-24,,,,
10465802-2-44,,,,
27936920-1-41,,,,
32431081-2-44,,,,
32435119-2-42,,,,
18181490-1-42,,,,
24225221-2-43,,,,
32434974-2-43,,,,
18097168-1-42,,,,
10941908-2-42,,,,
10971864-2-42,,,,
23894538-1-16,,,,
23937981-2-06,,,,
26208600-4-41,,,,
13947109-2-43,,,,
10929829-2-43,,,,
15849272-2-41,,,,
12147715-2-44,,,,
14662874-2-43,,,,
15795960-2-41,,,,
19024048-1-42,,,,
13024583-2-43,,,,
12927191-2-43,,,,
24814601-2-13,,,,
26218032-2-41,,,,
29311419-2-41,,,,
14894729-2-13,,,,
25334188-4-42,,,,
13764351-2-03,,,,
29201640-2-13,,,,
19308760-2-41,,,,
23399538-1-42,,,,
14101087-2-41,,,,
13567020-2-42,,,,
10744804-2-44,,,,
13985581-2-42,,,,
13478164-2-09,,,,
10898824-2-44,,,,
23460694-2-13,,,,
10331615-2-41,,,,
12754081-2-42,,,,
28748511-2-41,,,,
14590621-2-43,,,,
27237843-1-19,,,,
13531168-2-09,,,,
23121076-2-43,,,,
20956927-2-13,,,,
18154180-2-42,,,,
10369658-2-08,,,,
19012504-2-13,,,,
25391213-2-42,,,,
14800250-2-13,,,,
57702698-1-24,,,,
24168247-2-41,,,,
13287065-2-41,,,,
21902282-1-42,,,,
14872925-2-43,,,,
23179794-2-41,,,,
25010903-2-18,,,,
11387729-2-43,,,,
25584864-2-44,,,,
19020848-2-44,,,,
23886490-2-43,,,,
23584497-2-41,,,,
12385184-2-41,,,,
15833167-2-41,,,,
13324223-4-44,,,,
32000975-2-05,,,,
27958896-2-41,,,,
15735636-2-41,,,,
15815563-1-41,,,,
13484705-2-04,,,,
15300076-2-41,,,,
23537646-2-42,,,,
14871632-2-03,,,,
23745025-2-41,,,,
15321202-2-42,,,,
15722720-2-51,,,,
10834730-2-44,,,,
23051423-1-42,,,,
13403740-2-41,,,,
12033791-2-42,,,,
18055342-2-42,,,,
18195682-2-42,,,,
11674199-2-44,,,,
15775883-2-41,,,,
25134270-2-20,,,,
23982273-2-42,,,,
20613491-2-41,,,,
19818719-2-41,,,,
32930212-2-13,,,,
25119064-2-15,,,,
13320690-2-43,,,,
10941362-2-44,,,,
27714933-2-43,,,,
23358005-2-43,,,,
25333572-2-06,,,,
10195664-4-44,,,,
13798857-2-02,,,,
18292301-2-08,,,,
26372185-2-19,,,,
10686506-2-44,,,,
13696164-2-02,,,,
22779229-2-41,,,,
27973356-2-43,,,,
26693075-2-44,,,,
23376458-2-41,,,,
22690238-1-19,,,,
25114681-2-44,,,,
19310321-2-19,,,,
20758444-2-51,,,,
14114113-2-08,,,,
15795719-4-42,,,,
18728907-1-42,,,,
12201521-2-42,,,,
26189905-2-41,,,,
12486807-2-42,,,,
12414682-2-43,,,,
24711199-2-41,,,,
12165814-2-44,,,,
19017097-1-42,,,,
13812203-2-41,,,,
11146797-2-09,,,,
11713634-2-43,,,,
13933735-2-43,,,,
14465990-2-42,,,,
12188224-2-43,,,,
19722083-2-42,,,,
18091715-4-44,,,,
10401127-2-17,,,,
24118716-2-19,,,,
19308698-2-10,,,,
19253268-2-42,,,,
15848398-2-41,,,,
14605749-2-44,,,,
13535564-2-41,,,,
11837853-2-41,,,,
11083872-2-43,,,,
26581338-2-43,,,,
23300576-2-41,,,,
18068265-2-41,,,,
28990536-2-06,,,,
32835155-2-44,,,,
19253172-2-43,,,,
27532825-2-13,,,,
24813064-2-04,,,,
18689792-2-41,,,,
32739035-2-13,,,,
11951216-2-05,,,,
25716355-2-42,,,,
25004582-2-41,,,,
15726999-2-07,,,,
12697715-2-43,,,,
23477683-2-41,,,,
15490768-2-42,,,,
19025702-2-44,,,,
15311605-2-41,,,,
21158218-2-13,,,,
10197879-4-44,,,,
14579770-2-43,,,,
26174293-2-41,,,,
18457627-2-06,,,,
15735595-2-08,,,,
14626009-2-05,,,,
27059571-2-43,,,,
15598787-2-43,,,,
32521591-2-43,,,,
12706552-2-41,,,,
14858480-2-44,,,,
11604873-2-07,,,,
12325283-2-42,,,,
18067666-2-41,,,,
18237010-2-43,,,,
25359882-2-42,,,,
19007225-1-42,,,,
13712347-2-41,,,,
32001897-2-41,,,,
21901913-2-42,,,,
27926309-2-41,,,,
25026317-2-41,,,,
13853664-2-41,,,,
32382578-2-43,,,,
19050735-2-42,,,,
29229158-4-41,,,,
15735667-2-41,,,,
10189377-2-44,,,,
18423121-2-05,,,,
48970372-1-39,,,,
12664423-2-43,,,,
32452499-2-41,,,,
28755445-2-41,,,,
15724540-2-03,,,,
18593729-1-43,,,,
14996656-2-03,,,,
19001511-2-42,,,,
15329138-2-43,,,,
18999479-1-09,,,,
26568179-2-41,,,,
26207788-2-41,,,,
59409391-2-22,,,,
14987043-2-11,,,,
10603226-2-44,,,,
15309271-2-41,,,,
18245770-1-43,,,,
10687583-2-42,,,,
10683424-2-09,,,,
18010815-2-41,,,,
57554660-1-26,,,,
12183951-2-41,,,,
58120750-2-42,,,,
24901376-2-06,,,,
18941926-1-06,,,,
12302275-2-42,,,,
19294784-4-44,,,,
18483400-2-07,,,,
23097504-2-19,,,,
24753283-2-13,,,,
23356209-2-41,,,,
14004344-2-14,,,,
19719483-2-42,,,,
23783122-2-43,,,,
10484878-2-44,,,,
13670452-2-08,,,,
48103424-1-30,,,,
14190551-2-13,,,,
11500030-2-16,,,,
13237912-2-19,,,,
10478701-2-42,,,,
22709776-2-05,,,,
19426237-2-41,,,,
26579117-2-42,,,,
13526391-2-11,,,,
10828845-4-42,,,,
25033399-2-41,,,,
19286639-2-10,,,,
23945995-2-16,,,,
14651245-2-44,,,,
12142143-2-44,,,,
25289246-4-17,,,,
14413591-4-44,,,,
19009162-2-43,,,,
25730223-2-43,,,,
24790561-2-41,,,,
13710840-2-43,,,,
25134225-2-13,,,,
27118935-2-43,,,,
32899263-2-41,,,,
27807903-4-43,,,,
21384095-2-42,,,,
13729185-2-41,,,,
26495248-2-42,,,,
11309482-2-18,,,,
24192509-2-06,,,,
14215197-2-41,,,,
26253851-1-42,,,,
28742838-2-42,,,,
13647940-2-42,,,,
25138205-2-43,,,,
18002454-2-41,,,,
12885316-2-15,,,,
68607614-2-33,,,,
23066506-2-43,,,,
24669267-2-41,,,,
32733534-2-41,,,,
25443279-2-03,,,,
10871403-2-43,,,,
27913479-2-41,,,,
28737504-2-42,,,,
10606542-2-02,,,,
10875153-2-41,,,,
11072315-2-05,,,,
13754462-2-20,,,,
24121158-2-42,,,,
11092612-2-06,,,,
14526167-2-07,,,,
24364649-2-43,,,,
15325770-2-19,,,,
24758893-2-06,,,,
27856873-2-13,,,,
26697763-2-13,,,,
23374731-2-13,,,,
14079665-2-09,,,,
23974654-2-43,,,,
21974593-2-42,,,,
12483282-2-41,,,,
24381383-2-41,,,,
24650726-2-09,,,,
15309989-2-41,,,,
15724966-2-03,,,,
26384571-2-02,,,,
13434566-2-42,,,,
18000098-1-41,,,,
66917807-1-22,,,,
13394666-2-13,,,,
22636773-2-13,,,,
54336070-2-39,,,,
10605125-2-09,,,,
11524128-2-41,,,,
19011929-2-41,,,,
25739071-2-42,,,,
14489662-2-41,,,,
15854953-2-42,,,,
24091271-2-41,,,,
12217595-4-44,,,,
25277506-2-04,,,,
68311829-1-25,,,,
10432390-2-42,,,,
18157444-2-43,,,,
10628614-2-06,,,,
23089655-2-43,,,,
18067109-1-41,,,,
32082230-2-44,,,,
19308722-2-41,,,,
24212267-2-41,,,,
11776916-2-43,,,,
25307490-2-12,,,,
26186311-2-15,,,,
19622763-2-42,,,,
10928220-2-13,,,,
32654536-2-41,,,,
32461064-2-13,,,,
25575251-2-41,,,,
67573754-1-30,,,,
66854054-1-43,,,,
32896686-2-42,,,,
25188420-4-43,,,,
14108565-2-41,,,,
29217937-2-41,,,,
11903079-2-41,,,,
15735612-2-02,,,,
10773965-2-43,,,,
23471584-2-43,,,,
25503160-2-42,,,,
27516247-2-43,,,,
14372535-2-13,,,,
25181227-2-19,,,,
67475515-1-23,,,,
24178923-2-13,,,,
10367027-2-02,,,,
19552622-1-03,,,,
25567838-2-43,,,,
25910281-2-43,,,,
13592084-2-43,,,,
14060148-2-08,,,,
66584263-1-27,,,,
29205675-2-41,,,,
23712348-2-41,,,,
11673260-2-41,,,,
23702916-2-42,,,,
23151358-2-07,,,,
26491725-2-18,,,,
12052884-2-43,,,,
56565681-1-26,,,,
29028397-2-13,,,,
23382130-2-43,,,,
32298820-2-13,,,,
18161777-2-42,,,,
69496527-1-40,,,,
10794177-2-41,,,,
25311565-2-06,,,,
11996145-2-41,,,,
66550073-1-26,,,,
13611837-2-13,,,,
23900860-2-42,,,,
12585391-2-03,,,,
13851181-2-13,,,,
25974148-2-43,,,,
15394909-2-13,,,,
23933097-2-42,,,,
24739810-2-41,,,,
14479670-2-13,,,,
24657936-2-41,,,,
14342026-2-43,,,,
20344852-2-42,,,,
10317792-2-41,,,,
27991644-2-04,,,,
18155284-2-42,,,,
14888229-2-43,,,,
12883974-2-42,,,,
15734374-2-20,,,,
18407529-1-42,,,,
14975097-2-43,,,,
12744491-2-41,,,,
10733608-2-07,,,,
10356113-4-43,,,,
10797534-2-43,,,,
13887287-2-02,,,,
10978892-2-43,,,,
65905346-1-31,,,,
13947446-2-15,,,,
13378370-2-15,,,,
24756437-2-08,,,,
14315754-2-08,,,,
19002093-2-41,,,,
32694422-4-43,,,,
15300289-2-41,,,,
11886493-2-20,,,,
13843483-2-17,,,,
24836027-2-13,,,,
25914979-2-42,,,,
27288454-2-43,,,,
14578346-2-43,,,,
12318847-2-44,,,,
18800489-2-15,,,,
15329190-2-41,,,,
13320360-2-41,,,,
10544116-2-41,,,,
13402646-2-41,,,,
23277407-2-43,,,,
27127957-2-41,,,,
11030953-2-03,,,,
22101594-2-09,,,,
27472453-2-42,,,,
66447036-2-23,,,,
12730498-2-08,,,,
25145201-2-41,,,,
13351344-2-41,,,,
15325275-1-41,,,,
27900752-2-13,,,,
24902724-2-03,,,,
26553168-2-02,,,,
11138075-2-08,,,,
25859502-2-41,,,,
18905216-2-43,,,,
10953253-2-41,,,,
11756114-2-43,,,,
22968223-2-13,,,,
26781466-2-06,,,,
12257003-2-43,,,,
11856661-2-02,,,,
26088701-2-07,,,,
15731766-2-15,,,,
15308957-2-42,,,,
22870708-2-09,,,,
23890833-2-05,,,,
12524286-2-02,,,,
