date,WCAG2AA.Principle3.Guideline3_1.3_1_1.H57.2,WCAG2AA.Principle1.Guideline1_1.1_1_1.H37,WCAG2AA.Principle2.Guideline2_4.2_4_1.H64.1,WCAG2AA.Principle1.Guideline1_4.1_4_3.G18.Fail,WCAG2AA.Principle4.Guideline4_1.4_1_2.H91.A.NoContent,WCAG2AA.Principle4.Guideline4_1.4_1_1.F77,WCAG2AA.Principle4.Guideline4_1.4_1_2.H91.Button.Name,WCAG2AA.Principle1.Guideline1_3.1_3_1.H42.2,WCAG2AA.Principle4.Guideline4_1.4_1_2.H91.InputText.Name,WCAG2AA.Principle1.Guideline1_3.1_3_1.F68,WCAG2AA.Principle2.Guideline2_2.2_2_1.F41.2,WCAG2AA.Principle4.Guideline4_1.4_1_2.H91.InputSearch.Name,WCAG2AA.Principle1.Guideline1_1.1_1_1.H30.2,"WCAG2AA.Principle1.Guideline1_3.1_3_1.F92,ARIA4",WCAG2AA.Principle1.Guideline1_4.1_4_3.G145.Fail,WCAG2AA.Principle1.Guideline1_1.1_1_1.H67.1,WCAG2AA.Principle4.Guideline4_1.4_1_2.H91.A.EmptyNoId,WCAG2AA.Principle3.Guideline3_2.3_2_2.H32.2,WCAG2AA.Principle4.Guideline4_1.4_1_2.H91.Textarea.Name,WCAG2AA.Principle4.Guideline4_1.4_1_2.H91.InputEmail.Name,WCAG2AA.Principle4.Guideline4_1.4_1_2.H91.A.Name,WCAG2AA.Principle1.Guideline1_3.1_3_1.H49.Center,WCAG2AA.Principle4.Guideline4_1.4_1_2.H91.Fieldset.Name,WCAG2AA.Principle1.Guideline1_3.1_3_1.H71.NoLegend,"WCAG2AA.Principle2.Guideline2_4.2_4_1.G1,G123,G124.NoSuchID",WCAG2AA.Principle1.Guideline1_3.1_3_1.H49.AlignAttr,WCAG2AA.Principle4.Guideline4_1.4_1_2.H91.InputFile.Name,WCAG2AA.Principle4.Guideline4_1.4_1_2.H91.InputButton.Name,WCAG2AA.Principle4.Guideline4_1.4_1_2.H91.InputNumber.Name,WCAG2AA.Principle1.Guideline1_1.1_1_1.H2.EG3,WCAG2AA.Principle1.Guideline1_1.1_1_1.undefined,WCAG2AA.Principle1.Guideline1_3.1_3_1.H49.Font,WCAG2AA.Principle4.Guideline4_1.4_1_2.H91.InputCheckbox.Name,WCAG2AA.Principle4.Guideline4_1.4_1_2.H91.InputPassword.Name,WCAG2AA.Principle4.Guideline4_1.4_1_2.H91.InputRange.Name,WCAG2AA.Principle4.Guideline4_1.4_1_2.H91.Select.Name,WCAG2AA.Principle1.Guideline1_1.1_1_1.H2.EG4,WCAG2AA.Principle4.Guideline4_1.4_1_2.H91.InputTime.Name,WCAG2AA.Principle4.Guideline4_1.4_1_2.H91.InputRadio.Name,WCAG2AA.Principle4.Guideline4_1.4_1_2.H91.InputSelect-one.Name,WCAG2AA.Principle4.Guideline4_1.4_1_2.H91.Div.Name,WCAG2AA.Principle1.Guideline1_3.1_3_1.H43.HeadersRequired,WCAG2AA.Principle1.Guideline1_1.1_1_1.H36,WCAG2AA.Principle2.Guideline2_4.2_4_2.H25.1.NoTitleEl,WCAG2AA.Principle2.Guideline2_2.2_2_1.F40.2,WCAG2AA.Principle1.Guideline1_3.1_3_1.H39.3.LayoutTable,WCAG2AA.Principle4.Guideline4_1.4_1_2.H91.InputTel.Name,WCAG2AA.Principle4.Guideline4_1.4_1_2.H91.Img.Name,WCAG2AA.Principle4.Guideline4_1.4_1_2.H91.InputImage.Name,WCAG2AA.Principle3.Guideline3_1.3_1_2.H58.1.Lang,WCAG2AA.Principle1.Guideline1_1.1_1_1.H24,"WCAG2AA.Principle1.Guideline1_1.1_1_1.H53,ARIA6",WCAG2AA.Principle3.Guideline3_1.3_1_1.H57.3.Lang,WCAG2AA.Principle4.Guideline4_1.4_1_2.H91.InputHpinput.Name,WCAG2AA.Principle4.Guideline4_1.4_1_2.H91.InputDate.Name,WCAG2AA.Principle4.Guideline4_1.4_1_2.H91.Span.Name,WCAG2AA.Principle2.Guideline2_4.2_4_2.H25.1.EmptyTitle,WCAG2AA.Principle4.Guideline4_1.4_1_2.H91.InputHome.Name
2025-06-03,71,3822,1702,22213,5093,3770,2240,355,955,1462,12,82,4597,494,765,36,439,622,93,92,64,79,50,51,127,387,3,50,246,53,26,73,158,71,11,157,205,1,23,1,84,11,10,7,1,3,18,9,9,31,58,6,1,2,4,1,1,3
2025-06-10,71,3816,1707,22298,4898,3942,2417,348,940,1444,13,82,4674,499,769,59,424,611,91,92,44,79,49,50,127,387,3,51,256,55,27,74,158,69,12,158,203,1,23,1,79,11,10,7,1,3,19,6,9,31,57,10,1,1,4,1,1,3
2025-06-17,71,3760,1707,21648,4854,3863,2386,350,944,1442,12,81,4524,503,770,54,441,609,88,91,64,74,50,51,125,386,2,44,254,46,26,74,158,72,11,153,224,1,23,1,89,11,10,7,1,3,16,7,9,31,57,12,1,2,4,1,2,3
2025-06-24,70,3589,1711,21667,4893,3549,1856,347,950,1443,11,78,4427,499,753,41,418,613,90,94,64,76,50,51,126,397,3,50,250,39,27,68,157,69,8,147,194,1,25,1,93,11,10,7,1,3,18,10,9,34,57,11,1,2,4,1,2,3
2025-07-01,70,3520,1705,21154,4833,3603,2453,346,949,1444,11,79,4367,499,779,58,464,616,93,95,64,78,51,52,125,398,3,50,246,38,26,68,157,71,8,146,193,1,23,1,99,11,10,7,1,3,18,8,9,34,57,8,1,2,4,1,2,3
2025-07-08,69,3509,1694,21225,4766,3610,2422,350,947,1440,11,78,4488,523,779,54,420,606,92,92,64,74,51,52,124,317,3,50,226,35,26,70,157,71,8,145,192,1,23,1,100,11,10,6,1,3,18,8,9,34,57,10,1,2,4,1,2,3
2025-07-15,69,3518,1698,21101,4782,3650,2463,353,950,1449,11,78,4362,521,796,37,420,604,93,99,63,75,53,54,124,326,3,50,239,35,26,70,157,74,12,147,193,1,23,1,100,11,10,7,1,3,18,9,9,34,57,9,1,2,4,1,2,3
2025-07-22,71,3454,1688,21170,4766,3637,2421,338,951,1446,11,78,4413,518,777,34,439,601,92,92,63,75,53,54,122,329,3,50,237,34,25,70,157,71,11,148,191,1,22,1,101,11,10,7,1,3,18,2,9,32,57,9,1,2,4,1,2,3
2025-07-29,69,3556,1646,20574,4386,3625,2403,337,886,1380,11,78,4235,516,778,33,445,596,91,101,67,74,55,56,122,373,3,49,228,27,26,69,156,72,10,147,194,1,23,1,100,12,10,6,1,3,18,9,9,32,57,7,1,2,4,1,2,3
2025-08-05,69,3609,1673,21062,4472,3648,2484,348,924,1414,11,78,4396,518,779,32,447,616,87,100,67,81,55,56,124,367,3,50,247,36,26,69,156,72,12,147,191,1,23,1,103,12,10,6,1,3,18,7,9,32,57,9,1,2,4,1,2,3
2025-08-12,69,3548,1660,20763,4546,3634,2526,341,925,1411,12,78,4490,520,753,31,443,618,87,97,68,79,55,56,124,368,3,50,247,37,25,68,156,72,8,143,193,1,23,1,106,12,10,6,1,3,18,8,9,33,57,12,1,2,4,1,2,3
2025-08-19,69,3527,1657,20841,4490,3667,1203,350,925,1399,13,78,4388,522,753,34,445,627,86,97,68,78,55,56,124,374,2,50,220,35,25,70,152,66,8,143,185,1,23,1,96,12,10,6,1,3,18,8,9,33,57,9,1,2,4,1,2,3
2025-08-26,69,3461,1647,20915,4493,3640,1188,352,907,1381,13,78,4396,520,758,33,433,638,83,99,68,77,60,61,124,368,2,49,228,38,25,70,152,68,11,144,188,1,23,1,80,12,10,6,1,3,18,8,9,34,57,8,1,2,4,1,2,3
2025-09-02,69,3726,1642,20715,4590,3636,1189,353,919,1390,13,77,4314,518,754,30,430,625,83,95,68,78,57,58,124,333,2,49,226,36,25,71,153,67,10,143,188,1,21,1,341,12,10,6,2,3,18,8,9,32,57,11,1,1,4,1,2,3
2025-09-09,70,3737,1615,20668,4635,3521,1156,335,922,1325,13,77,4410,525,763,32,485,624,82,96,68,80,59,61,121,385,2,49,203,37,26,71,89,64,10,141,193,1,23,1,355,12,10,6,1,3,19,9,9,32,57,7,1,1,4,2,2,3
2025-09-16,69,3426,1647,20618,4647,3555,1214,338,946,1361,12,76,4431,517,799,31,432,628,83,100,68,80,62,64,124,391,2,49,192,36,25,71,90,71,12,144,192,1,23,1,80,12,10,6,1,3,19,8,9,33,57,7,1,2,4,2,2,3
2025-09-23,72,3511,1662,20880,4461,3520,1200,369,908,1315,12,77,4367,521,801,29,432,620,85,102,66,79,62,65,122,359,2,49,186,36,25,71,86,68,10,143,200,1,21,1,144,12,10,6,1,3,19,8,9,34,57,7,1,1,4,2,2,3
2025-09-30,71,3240,1671,20868,4609,3490,1204,384,895,1309,13,77,4547,523,794,25,439,628,86,99,66,74,61,64,124,399,15,49,189,34,25,71,86,66,11,136,191,1,23,1,138,11,10,6,1,3,19,8,9,35,25,9,1,2,4,2,2,3
2025-10-07,69,3182,1566,20494,4537,3247,1168,372,907,1317,13,77,4441,512,785,32,423,599,85,99,66,80,60,63,124,397,15,49,176,33,25,71,86,64,8,135,191,1,23,1,115,11,10,6,1,3,19,8,9,35,25,6,1,2,4,2,2,3
2025-10-14,69,3160,1638,20435,4552,3348,1216,362,934,1351,13,77,4465,521,820,32,431,631,87,103,66,83,61,64,124,389,16,50,181,35,26,70,86,67,12,136,189,1,23,1,113,11,10,6,1,3,19,8,9,35,25,7,1,2,4,2,2,3
2025-10-21,70,3192,1661,20724,4670,3351,1234,358,966,1387,12,77,4478,521,795,32,435,640,85,99,66,86,61,64,124,378,17,49,241,34,27,70,86,70,13,138,192,1,23,1,108,12,10,7,1,3,19,8,9,34,25,5,1,2,4,2,2,3
2025-10-28,70,3116,1673,20316,4587,3362,1220,354,916,1328,12,74,4483,524,813,35,444,633,82,94,46,86,60,63,131,377,15,50,136,37,27,69,86,67,13,137,197,1,23,,111,12,10,6,1,3,19,8,9,34,25,6,1,2,4,2,2,3
2025-11-04,71,3131,1646,20313,4360,3290,1208,340,899,1312,13,74,4473,505,873,31,435,632,84,91,46,85,60,63,130,351,17,49,137,30,20,69,86,66,12,135,193,1,23,1,102,12,10,6,1,3,19,8,9,1,25,7,1,2,4,2,2,3
2025-11-11,71,3172,1663,20463,4563,3297,1217,352,905,1317,13,74,4464,502,927,32,423,639,83,94,66,85,60,63,129,352,16,49,128,36,28,69,86,67,10,135,191,1,23,1,105,12,10,6,1,3,20,8,9,1,25,3,1,1,4,2,2,3
2025-11-18,72,3220,1654,19294,4843,3604,1228,351,927,1343,12,55,4013,507,932,32,426,634,81,97,69,91,59,62,127,348,16,48,120,38,27,67,88,68,13,138,195,1,23,1,113,12,10,6,1,3,21,8,9,1,29,3,1,1,4,2,3,3
2025-11-25,72,3239,1659,20095,4844,3664,1225,352,932,1384,12,55,4132,508,945,31,418,681,117,100,70,86,60,63,128,349,17,46,121,37,28,67,88,68,11,137,195,1,23,1,140,11,10,6,1,3,20,10,9,1,29,3,1,2,4,2,3,3
2025-12-02,72,3165,1620,20098,4602,3552,1214,372,922,1344,13,56,3962,507,877,25,428,625,88,99,50,84,60,63,128,349,17,46,128,33,24,72,88,68,11,136,196,1,23,,55,11,9,7,1,3,18,9,8,1,25,6,1,1,4,2,3,3
2025-12-09,71,3216,1639,19870,4708,3657,1222,350,924,1376,13,56,4012,506,874,32,412,691,118,99,50,78,60,63,127,347,16,47,125,35,91,76,88,69,13,136,205,1,23,1,65,11,9,7,1,3,18,6,8,1,25,3,1,1,4,2,3,3
2025-12-16,71,3214,1597,20406,4628,3657,1225,347,923,1373,13,56,3946,506,889,32,450,689,119,99,50,74,60,63,127,346,16,46,136,33,24,74,88,65,13,136,194,1,24,1,57,12,9,7,1,3,18,6,8,1,25,4,1,1,4,2,3,3
2025-12-23,71,3141,1612,20447,4624,3667,1222,308,921,1365,13,55,3952,481,884,32,430,682,112,99,50,81,62,65,126,347,15,47,123,36,25,74,88,65,13,138,193,1,24,1,53,12,9,7,1,3,18,7,8,1,25,3,1,2,4,2,3,3
2025-12-30,71,3132,1594,19384,4581,3551,1215,340,918,1335,13,55,4024,470,885,30,442,627,87,99,70,78,60,63,126,348,15,47,119,35,24,73,88,65,13,136,195,1,24,1,52,12,9,7,1,3,18,7,8,1,25,3,1,2,4,2,3,3
2026-01-06,71,3075,1584,19139,4389,3534,1188,326,926,1351,13,55,3924,480,833,30,424,626,88,98,50,81,59,62,126,345,17,47,108,29,17,73,88,69,8,137,189,1,24,1,55,12,9,7,1,3,18,8,8,1,25,3,1,2,4,2,3,3
2026-01-13,71,3146,1561,19220,4666,3529,1216,335,924,1350,13,55,3883,481,823,29,420,625,89,100,70,83,62,65,126,342,17,46,101,35,23,72,88,70,8,136,189,1,24,1,65,12,9,8,1,3,18,8,8,1,29,3,1,2,4,2,3,3
2026-01-20,70,3117,1579,19391,4694,3554,1117,326,945,1366,13,55,3900,480,839,28,419,548,90,100,50,84,60,63,125,342,13,47,89,32,23,72,88,69,8,135,192,1,24,1,62,12,9,7,1,3,17,9,8,1,25,3,1,2,4,2,3,3
2026-01-27,70,3080,1544,19212,4741,3404,1103,370,945,1363,13,53,4006,480,849,30,425,454,89,93,70,79,56,59,125,342,14,47,94,31,21,73,88,67,8,134,196,1,24,1,57,11,9,7,1,3,17,8,8,1,25,10,1,2,4,2,3,3
2026-02-03,72,3067,1619,19195,4713,3544,1110,374,922,1337,13,52,3908,482,864,30,413,411,84,99,70,76,63,66,119,346,17,47,89,32,22,73,88,66,9,134,199,1,24,1,45,11,9,7,1,3,17,7,8,1,25,8,1,2,4,2,3,3
2026-02-10,71,3062,1566,19128,4697,3552,1071,363,924,1337,13,52,3940,479,842,30,409,325,85,101,70,82,61,64,120,536,16,46,93,33,23,81,87,65,9,134,192,1,24,1,42,11,9,7,1,3,17,8,8,1,2,3,1,2,4,1,3,3
2026-02-17,72,3029,1577,19254,4646,3564,1098,357,927,1331,14,49,3907,480,873,33,416,272,82,102,70,79,61,64,120,440,15,45,85,31,22,72,88,63,10,130,195,1,24,1,42,11,9,7,1,3,16,9,8,1,2,3,1,2,4,1,4,3
2026-02-24,71,3048,1585,19404,4693,3664,1108,348,947,1343,13,49,3876,476,875,29,395,280,81,106,70,78,60,67,120,436,2,47,79,29,22,72,88,66,11,133,195,1,24,1,42,11,9,7,1,3,17,9,8,1,2,3,1,2,4,2,4,3
2026-03-03,71,3267,1560,19410,4723,3657,1011,361,912,1302,14,50,3862,482,839,31,379,280,82,104,70,69,61,64,119,315,2,47,89,29,21,68,88,62,8,130,194,1,24,1,253,11,9,6,1,3,17,9,8,1,2,3,1,2,4,2,4,3
2026-03-10,71,3303,1433,19686,4779,3645,1035,357,921,1318,13,50,3894,491,858,31,378,275,85,104,68,75,61,64,120,433,2,46,85,29,22,72,88,63,10,133,199,1,24,1,244,5,9,6,1,3,17,9,8,1,2,3,1,2,4,2,3,2
2026-03-17,71,3325,1457,19954,5110,3666,1039,381,902,1295,14,50,3814,488,861,30,376,278,87,106,68,78,64,67,121,492,2,47,90,35,21,76,88,62,11,129,207,1,23,1,244,5,9,6,1,3,17,9,8,1,2,5,1,2,4,2,3,2
2026-03-24,71,3036,1431,19395,5113,3603,1033,410,902,1294,14,51,3875,490,852,31,378,280,87,106,68,73,62,65,123,491,2,45,98,31,23,76,86,61,10,131,190,1,23,1,34,5,9,6,1,3,17,9,8,1,2,3,,1,4,2,3,2
2026-03-31,72,3090,1418,19514,5278,3596,1058,392,924,1316,14,51,3770,487,850,31,370,280,86,107,66,72,63,70,144,493,2,45,107,31,22,76,86,62,10,131,193,1,23,1,35,5,9,6,1,3,17,9,8,1,2,3,,1,4,2,3,2
